key,level,English,Japanese,Chinese
,,,,
hbs_dominion,0,"Dominion: Shields you once.#Upon disappearing removes bullets around you.",Dominion: Shields you once. #Upon disappearing removes bullets around you.,Dominion: Shields you once. #Upon disappearing removes bullets around you.
hbs_paradox_shield,0,"Paradox Shield: Shields you once.#Significantly reduces movement speed.#Upon breaking, grant Paradox Sword.","Paradox Shield: Shields you once.#Significantly reduces movement speed.#Upon breaking, grant Paradox Sword.","Paradox Shield: Shields you once.#Significantly reduces movement speed.#Upon breaking, grant Paradox Sword."
hbs_paradox_sword,0,"Paradox Sword: Your Primary deals 10% more damage.","Paradox Sword: Your Primary deals 10% more damage.","Paradox Sword: Your Primary deals 10% more damage."
,,,,
hbs_inferno,0,"Inferno: Afflicted enemies take 5% more damage.#Upon wearing off deals half the damage of the hit#that applied superburn.","Inferno: Afflicted enemies take 5% more damage.#Upon wearing off deals half the damage of the hit#that applied superburn.","Inferno: Afflicted enemies take 5% more damage.#Upon wearing off deals half the damage of the hit#that applied superburn."