key,level,English,Japanese,Chinese
,,,,
it_binary_star,0,"Every time you gain invulnerability, grant allies [SUPER] for the duration.","Every time you gain invulnerability, grant allies [SUPER] for the duration.","Every time you gain invulnerability, grant allies [SUPER] for the duration."
it_dragon_glasses,0,"Every 24 seconds using your Defensive will grant Dominion and charge a slice for every Primary hit.",Every 24 seconds using your Defensive will grant Dominion and charge a slice for every Primary hit.,Every 24 seconds using your Defensive will grant Dominion and charge a slice for every Primary hit.
it_firebird_lighter,0,"Special applies [INFERNO]. Your debuffs deal 30% more damage.#Every 222 debuff applications heal for 1 HP","Special applies [INFERNO]. Your debuffs deal 30% more damage.#Every 222 debuff applications heal for 1 HP","Special applies [INFERNO]. Your debuffs deal 30% more damage.#Every 222 debuff applications heal for 1 HP"
it_queer_hat,0,"Start every fight with [PARADOXSHIELD].#After every shield break your Primary deals 10% more damage.","Start every fight with [PARADOXSHIELD].#After every shield break your Primary deals 10% more damage.","Start every fight with [PARADOXSHIELD].#After every shield break your Primary deals 10% more damage."
it_joker,0,"Max life +1. +10% to all damage dealt.#Slightly increases movement speed.#Every fight gain 3 more gold.",Max life +1. +10% to all damage dealt.#Slightly increases movement speed.#Every fight gain 3 more gold.,Max life +1. +10% to all damage dealt.#Slightly increases movement speed.#Every fight gain 3 more gold.
it_antiphon_hood,0,"Every 4 Primary uses [SUPERCHARGE] your Secondary.#Every 4 Secondary uses [SUPERCHARGE] your Primary.#Slightly increases movement speed.",Every 4 Primary uses [SUPERCHARGE] your Secondary.#Every 4 Secondary uses [SUPERCHARGE] your Primary.#Slightly increases movement speed.,Every 4 Primary uses [SUPERCHARGE] your Secondary.#Every 4 Secondary uses [SUPERCHARGE] your Primary.#Slightly increases movement speed.
it_void_eyepatch,0,Every 32 Primary hits using your Special will grant [SUPER] for 4 seconds and [CHARGE] your Primary 4 times.,Every 32 Primary hits using your Special will grant [SUPER] for 4 seconds and [CHARGE] your Primary 4 times.,Every 32 Primary hits using your Special will grant [SUPER] for 4 seconds and [CHARGE] your Primary 4 times.
it_what_the_bun,0,"All damage dealt is increased by 44%.#Using Defensive hits a random ally.#Dead allies explode, dealing 2000 damage.","All damage dealt is increased by 44%.#Using Defensive hits a random ally.#Dead allies explode, dealing 2000 damage.","All damage dealt is increased by 44%.#Using Defensive hits a random ally.#Dead allies explode, dealing 2000 damage."