key,level,English,Japanese,Chinese
,,,,
it_binary_star,0,Binary Star,Steel Rabbit,Steel Rabbit
it_dragon_glasses,0,Dragon Glasses,Opal Rabbit,Opal Rabbit
it_firebird_lighter,0,Firebird Lighter,Sapphire Rabbit,Sapphire Rabbit
it_queer_hat,0,Queer wHat,Ruby Rabbit,Ruby Rabbit
it_joker,0,The Joker,Garnet Rabbit,Garnet Rabbit
it_antiphon_hood,0,Antiphon Hood,Emerald Rabbit,Emerald Rabbit
it_void_eyepatch,0,Voidful Eyepatch,Blueburn Book,Blueburn Book
it_what_the_bun,0,What Plushie?,Redburn Book,Redburn Book